<?xml version="1.0" encoding="UTF-8"?>
<!DOCTYPE mapper
    PUBLIC "-//mybatis.org//DTD Mapper 3.0//EN"
    "http://mybatis.org/dtd/mybatis-3-mapper.dtd">
<mapper namespace="org.zerock.mapper.ReplyMapper">
	<insert id="insert">
		insert into tbl_reply (rno, bno, reply, replyer)
		values (seq_reply.nextval, #{bno}, #{reply}, #{replyer})
	</insert>

	<select id="read" resultType="org.zerock.domain.ReplyVO">
		select * from tbl_reply where rno =
		#{rno}

	</select>

	<delete id="delete">
		delete from tbl_reply where rno = #{rno}
	</delete>

	<update id="update">
		update tbl_reply set reply = #{reply}, updatedate =
		sysdate where rno = #{rno}
	</update>

	<select id="getListWithPaging"
		resultType="org.zerock.domain.ReplyVO">
	<![CDATA[
		select rno, bno, reply, replyer, replyDate, updatedate 
		from 
		(
		 select rownum rn, bno, rno, reply, replyer, replyDate, updateDate
		 /*+INDEX(tbl_reply idx_reply)*/
		 from tbl_reply
		 where bno =#{bno}
		 and rno >0
		 and rownum <= #{cri.pageNum}* #{cri.amount}
		) where rn > (#{cri.pageNum}-1) * #{cri.amount}
		]]>

	</select>

	<select id="getCountByBno" resultType="int">
		<![CDATA[
			select count(rno) from tbl_reply where bno = #{bno}
		]]>

	</select>



</mapper>